<?xml version="1.0" encoding="UTF-8"?>
<gwx:DataPacket Version="48" xmlns:gwx="http://www.greatland.com/Schemas/GWX/1.0/" xmlns:xsi="http://www.w3.org/2001/XMLSchema-instance" xsi:schemaLocation="http://www.greatland.com/Schemas/GWX/1.0/ C:\GWXXML\Wagefiler\WageFilerGWX.sxd">
<Payer PayerId="1">
<TIN>456236236</TIN>
<TypeOfTIN>E</TypeOfTIN>
<PayerCompany>
<Name1>INDEPENDENT STUDIES UNIVERSITY</Name1>
<Name2>SOUTH INDEPENDENCE CAMPUS</Name2>
<Addr1>15893 WASHINGTON COMMONS</Addr1>
<City>INDEPENDENCE</City>
<USState>IA</USState>
<USZipCode>50644</USZipCode>
<Phone>3193342430</Phone>
</PayerCompany>
<Payee PayeeId="1">
<TIN>388884153</TIN>
<TypeOfTIN>S</TypeOfTIN>
<NameLine2>CLAUDIA F JOHNSON-VANDENLANDEN</NameLine2>
<AssociationName>BRIANNA M VANDENLANDEN</AssociationName>
<Addr1>8505 STILLWATER STREET</Addr1>
<City>INDEPENDENCE</City>
<USState>IA</USState>
<USZipCode>50644</USZipCode>
<PayeeForms>
<Form1098E Occurrence="1">
<AcctNumber>123-455-203</AcctNumber>
<StudentLoanInt>635.00</StudentLoanInt>
</Form1098E>
</PayeeForms>
</Payee>
</Payer>
</gwx:DataPacket>
