<?xml version="1.0" encoding="UTF-8"?>
<gwx:DataPacket Version="48" xmlns:gwx="http://www.greatland.com/Schemas/GWX/1.0/" xmlns:xsi="http://www.w3.org/2001/XMLSchema-instance" xsi:schemaLocation="http://www.greatland.com/Schemas/GWX/1.0/ C:\GWXXML\Wagefiler\WageFilerGWX.sxd">
<Payer PayerId="1">
<TIN>569878410</TIN>
<TypeOfTIN>E</TypeOfTIN>
<PayerCompany>
<Name1>AMERICAN FARMERS COOPERATIVE</Name1>
<Name2>NEIGHBORHOOD INSURANCE</Name2>
<Addr1>2130 EAST HIGHWAY 20</Addr1>
<City>AINSWORTH</City>
<USState>NE</USState>
<USZipCode>69210</USZipCode>
<Phone>4023870500</Phone>
</PayerCompany>
<Payee PayeeId="1">
<TIN>659857423</TIN>
<TypeOfTIN>S</TypeOfTIN>
<NameLine2>CAROLINE F MCFARLAND</NameLine2>
<AssociationName>DONALD A MCFARLAND SR</AssociationName>
<Addr1>14588 NORTH RICHARDSON</Addr1>
<City>AINSWORTH</City>
<USState>NE</USState>
<USZipCode>69210</USZipCode>
<PayeeForms>
<Form1099PATR Occurrence="1">
<AcctNumber>145-662-6</AcctNumber>
<NonPatrDistrib>2985.00</NonPatrDistrib>
<RedemptionOfNonQualAmt>360.00</RedemptionOfNonQualAmt>
<OtherCredits>278.00</OtherCredits>
<InvestmentCredit>175.00</InvestmentCredit>
<WorkOppCredit>282.00</WorkOppCredit>
</Form1099PATR>
</PayeeForms>
</Payee>
</Payer>
</gwx:DataPacket>
