<?xml version="1.0" encoding="UTF-8"?>
<gwx:DataPacket Version="48" xmlns:gwx="http://www.greatland.com/Schemas/GWX/1.0/" xmlns:xsi="http://www.w3.org/2001/XMLSchema-instance" xsi:schemaLocation="http://www.greatland.com/Schemas/GWX/1.0/ C:\GWXXML\Wagefiler\WageFilerGWX.sxd">
<Payer PayerId="1">
<TIN>396464646</TIN>
<TypeOfTIN>E</TypeOfTIN>
<PayerCompany>
<Name1>FIRST NATIONAL BANK</Name1>
<Name2>NORTHERN MILWAUKEE BRANCH</Name2>
<Addr1>1225 CENTER STREET</Addr1>
<City>MILWAUKEE</City>
<USState>WI</USState>
<USZipCode>54515</USZipCode>
<Phone>4142731919</Phone>
</PayerCompany>
<Payee PayeeId="1">
<TIN>566987548</TIN>
<TypeOfTIN>S</TypeOfTIN>
<NameLine2>FRANCIS F ACKERMAN</NameLine2>
<AssociationName>NATALIE K ACKERMAN</AssociationName>
<Addr1>1258 SUNSET BEACH ROAD</Addr1>
<City>LITTLE SUAMICO</City>
<USState>WI</USState>
<USZipCode>54141</USZipCode>
<PayeeForms>
<Form5498SA Occurrence="1">
<AcctNumber>4478-966-01</AcctNumber>
<EmployeeContrib>2500.00</EmployeeContrib>
<TotalContribReturnYr>2500.00</TotalContribReturnYr>
<FairMarketValue>5000.00</FairMarketValue>
<ArcherMSAInd>true</ArcherMSAInd>
</Form5498SA>
</PayeeForms>
</Payee>
</Payer>
</gwx:DataPacket>
